WEATHER_DESC,AVG_TEMP_CELSIUS,AVG_HUMIDITY_PERCENT,AVG_WINDSPEED_KMH,TOTAL_HOURS,AVG_RENTALS,TOTAL_RENTALS
Clear/Partly Cloudy,20.953216507491458,57.37466047489705,12.76705928327346,11413,204.869272,2338173
Mist/Cloudy,19.452262323943664,69.88072183098592,12.0582203125,4544,175.165493,795952
Light Rain/Snow,18.724200140944326,82.76321353065539,14.661252572233968,1419,111.579281,158331
Heavy Rain/Snow/Storm,7.653333333333333,88.33333333333333,13.668000000000001,3,74.333333,223
